{
  "project_info": {
    "project_number": "737725909735",
    "project_id": "project-f807a",
    "storage_bucket": "project-f807a.appspot.com"
  },
  "client": [
    {
      "client_info": {
        "mobilesdk_app_id": "1:737725909735:android:d143c73ea6a938d3513042",
        "android_client_info": {
          "package_name": "com.example.qrhunterapp_t11"
        }
      },
      "oauth_client": [
        {
          "client_id": "737725909735-s49nasl57buona052me06chvsfddlgsm.apps.googleusercontent.com",
          "client_type": 3
        }
      ],
      "api_key": [
        {
          "current_key": "AIzaSyDQQNtKR5rqo0U1rBrfqb-duUSjkn6FQ0A"
        }
      ],
      "services": {
        "appinvite_service": {
          "other_platform_oauth_client": [
            {
              "client_id": "737725909735-s49nasl57buona052me06chvsfddlgsm.apps.googleusercontent.com",
              "client_type": 3
            }
          ]
        }
      }
    }
  ],
  "configuration_version": "1"
}